<?xml version="1.0" ?>

<Staff>
  <Employee Status="Part-time">
    <Name>Alice Ashman</Name>
    <Department>Accounting</Department>
    <Position>Administrative Assistant</Position>
    <Phone>555-4580 ext. 581</Phone>
    <Years>5</Years>
    <Photo>Ashman.jpg</Photo>
  </Employee>
  <Employee Status="Full-time">
    <Name>Jeff Bester</Name>
    <Department>Sales</Department>
    <Position>Sales Manager</Position>
    <Phone>555-4580 ext. 411</Phone>
    <Years>3</Years>
    <Photo>Bester.jpg</Photo>
  </Employee>
  <Employee Status="Full-time">
    <Name>Richard Brown</Name>
    <Department>Manufacturing</Department>
    <Position>Shop Manager</Position>
    <Phone>555-4580 ext. 193</Phone>
    <Years>15</Years>
    <Photo>Brown.jpg</Photo>
  </Employee>
  <Employee Status="Full-time">
    <Name>Maureen Charnas</Name>
    <Department>Advertising</Department>
    <Position>Advertising Executive</Position>
    <Phone>555-4580 ext. 804</Phone>
    <Years>1</Years>
    <Photo>Charnas.jpg</Photo>
  </Employee>
  <Employee Status="Part-time">
    <Name>Pete DuMont</Name>
    <Department>Sales</Department>
    <Position>Salesperson</Position>
    <Phone>555-4580 ext. 990</Phone>
    <Years>1</Years>
    <Photo>DuMont.jpg</Photo>
  </Employee>
  <Employee Status="Full-time">
    <Name>Tom Forrest</Name>
    <Department>Accounting</Department>
    <Position>Accounts Manager</Position>
    <Phone>555-4580 ext. 582</Phone>
    <Years>14</Years>
    <Photo>Forrest.jpg</Photo>
  </Employee>
  <Employee Status="Full-time">
    <Name>Linda Howard</Name>
    <Department>Sales</Department>
    <Position>Sales Coordinator</Position>
    <Phone>555-4580 ext. 518</Phone>
    <Years>3</Years>
    <Photo>Howard.jpg</Photo>
  </Employee>
  <Employee Status="Full-time">
    <Name>John Jacobs</Name>
    <Department>Manufacturing</Department>
    <Position>Plant Coordinator</Position>
    <Phone>555-4580 ext. 203</Phone>
    <Years>13</Years>
    <Photo>Jacobs.jpg</Photo>
  </Employee>
  <Employee Status="Part-time">
    <Name>Diane Kerkman</Name>
    <Department>Accounting</Department>
    <Position>Administrative Assistant</Position>
    <Phone>555-4580 ext. 473</Phone>
    <Years>8</Years>
    <Photo>Kerkman.jpg</Photo>
  </Employee>
  <Employee Status="Full-time">
    <Name>Robert Kuhlman</Name>
    <Department>Advertising</Department>
    <Position>Advertising Executive</Position>
    <Phone>555-4580 ext. 941</Phone>
    <Years>10</Years>
    <Photo>Kuhlman.jpg</Photo>
  </Employee>
  <Employee Status="Full-time">
    <Name>Linda Laurence</Name>
    <Department>Manufacturing</Department>
    <Position>Manufacturing Executive</Position>
    <Phone>555-4580 ext. 472</Phone>
    <Years>12</Years>
    <Photo>Laurence.jpg</Photo>
  </Employee>
  <Employee Status="Full-time">
    <Name>Steve Lawson</Name>
    <Department>Advertising</Department>
    <Position>Media Officer</Position>
    <Phone>555-4580 ext. 111</Phone>
    <Years>1</Years>
    <Photo>Lawson.jpg</Photo>
  </Employee>
  <Employee Status="Part-time">
    <Name>Julie Nelson</Name>
    <Department>Sales</Department>
    <Position>Sales Assistant</Position>
    <Phone>555-4580 ext. 610</Phone>
    <Years>1</Years>
    <Photo>Nelson.jpg</Photo>
  </Employee>
  <Employee Status="Full-time">
    <Name>Mary Oneil</Name>
    <Department>Accounting</Department>
    <Position>Accounts Manager</Position>
    <Phone>555-4580 ext. 619</Phone>
    <Years>11</Years>
    <Photo>Oneil.jpg</Photo>
  </Employee>
  <Employee Status="Full-time">
    <Name>Maria Pauley</Name>
    <Department>Sales</Department>
    <Position>Salesperson</Position>
    <Phone>555-4580 ext. 611</Phone>
    <Years>2</Years>
    <Photo>Pauley.jpg</Photo>
  </Employee>
  <Employee Status="Full-time">
    <Name>Paul Staford</Name>
    <Department>Sales</Department>
    <Position>Salesperson</Position>
    <Phone>555-4580 ext. 319</Phone>
    <Years>6</Years>
    <Photo>Staford.jpg</Photo>
  </Employee>
  <Employee Status="Full-time">
    <Name>Ian Tompkins</Name>
    <Department>Manufacturing</Department>
    <Position>Shop Steward</Position>
    <Phone>555-4580 ext. 539</Phone>
    <Years>9</Years>
    <Photo>Tompkins.jpg</Photo>
  </Employee>
  <Employee Status="Full-time">
    <Name>Paul Unwin</Name>
    <Department>Advertising</Department>
    <Position>Media Manager</Position>
    <Phone>555-4580 ext. 150</Phone>
    <Years>3</Years>
    <Photo>Unwin.jpg</Photo>
  </Employee>
  <Employee Status="Full-time">
    <Name>Donald Watkins</Name>
    <Department>Accounting</Department>
    <Position>Vice President</Position>
    <Phone>555-4580 ext. 243</Phone>
    <Years>15</Years>
    <Photo>Watkins.jpg</Photo>
  </Employee>
  <Employee Status="Full-time">
    <Name>Shirley Winston</Name>
    <Department>Sales</Department>
    <Position>Salesperson</Position>
    <Phone>555-4580 ext. 105</Phone>
    <Years>5</Years>
    <Photo>Winston.jpg</Photo>
  </Employee>
</Staff>
